loss_function,loss_precision,num_bits,weight_init_bits,low_precision_weights,activation_bits,vdecay,hidden_layer,out_layer,lr_hidden,lr_output,lr_scheduler,gradient_clip,weight_decay,train_acc_mean,train_acc_std,val_acc_mean,val_acc_std,id_count
"('random', (-1, 2))",128,16,16,8,16,0.5,"[250.0, 500.0]","[2000.0, 4000.0]",6.103515625e-05,1,none,512,False,0.4846615988229524,0.012012697872347353,0.4397968197879858,0.010369254622401469,10
"('random', (-1, 2))",128,16,16,8,16,0.5,"[250.0, 500.0]","[2000.0, 4000.0]",6.103515625e-05,4,none,512,True,0.48342324668955367,0.00883557325366715,0.4392226148409894,0.009391049843279842,10
"('random', (-1, 2))",128,16,16,8,16,0.5,"[250.0, 500.0]","[2000.0, 4000.0]",6.103515625e-05,4,none,512,False,0.4791809710642472,0.01917532454964988,0.43714664310954066,0.011096354262936214,10
"('random', (-1, 2))",128,16,16,8,16,0.5,"[250.0, 500.0]","[2000.0, 4000.0]",6.103515625e-05,1,none,512,True,0.4843550760176557,0.010614044768729448,0.43582155477031803,0.010580340500212499,10
