loss_function,loss_precision,num_bits,weight_init_bits,low_precision_weights,activation_bits,vdecay,hidden_layer,out_layer,lr_hidden,lr_output,lr_scheduler,gradient_clip,weight_decay,train_acc_mean,train_acc_std,val_acc_mean,val_acc_std,id_count
"('normal', None)",128,16,16,4,16,1.0,"[31.0, 62.0]","[125.0, 250.0]",0.000244140625,0.5,none,0,False,0.4561427170181461,0.010199600273546315,0.49854240282685514,0.012974893804785625,10
"('random', (-1, 2))",128,16,16,4,16,1.0,"[31.0, 62.0]","[125.0, 250.0]",0.000244140625,0.5,none,0,False,0.4580922020598332,0.02576288387898438,0.49271201413427557,0.013750636824118166,10
"('random', (-1, 2))",128,16,16,4,16,0.5,"[31.0, 62.0]","[125.0, 250.0]",0.000244140625,0.5,none,0,False,0.46212604217753794,0.011062554834531902,0.4334805653710247,0.012845858180644688,10
"('normal', None)",128,16,16,4,16,0.5,"[31.0, 62.0]","[125.0, 250.0]",0.000244140625,0.5,none,0,False,0.4538867091711623,0.011889144690108685,0.4300353356890459,0.007089188214748732,10
